churn_flag,customers,avg_monthly_charges,avg_total_charges,avg_product_count,churn_status
0,5174,61.26512369540008,2555.344141003293,3.4462698105914185,Active
1,1869,74.44133226324237,1531.7960941680042,3.132156233279829,Churned
