segment_name,customers,churned,churn_rate,avg_tenure,avg_monthly_charges,avg_total_charges,avg_product_count,churn_rate_pct
High Value Multi Product Customers,2501,443,0.17712914834066373,54.493402638944424,90.24786085565773,4898.572890843663,5.517792882846861,17.712914834066375
Stable Core Customers,4542,1426,0.3139586085424923,20.189784236019374,50.72802730074857,839.7346943279629,2.1763540290620873,31.39586085424923
